{"$schema":"http://schema.management.azure.com/schemas/2015-01-01/deploymentTemplate.json#","contentVersion":"1.0.0.0","parameters":{"https://itavengeradls.dfs.core.windows.net/ neha_202":{"type":"string"},"GSynergy_Lakehouse":{"type":"string"}},"variables":{},"resources":[{"name":"Data Ingestion","type":"pipelines","apiVersion":"2018-06-01","properties":{"activities":[{"name":"fetch_all_files","type":"GetMetadata","dependsOn":[{"activity":"Delete data1","dependencyConditions":["Completed"]}],"policy":{"timeout":"0.12:00:00","retry":0,"retryIntervalInSeconds":30,"secureOutput":false,"secureInput":false},"typeProperties":{"fieldList":["childItems"],"datasetSettings":{"annotations":[],"type":"DelimitedText","typeProperties":{"location":{"type":"AzureBlobFSLocation","folderPath":"GSDEASSESTS","fileSystem":"source"},"columnDelimiter":",","escapeChar":"\\","firstRowAsHeader":true,"quoteChar":"\""},"schema":[],"externalReferences":{"connection":"[parameters('https://itavengeradls.dfs.core.windows.net/ neha_202')]"}},"storeSettings":{"type":"AzureBlobFSReadSettings","recursive":true,"enablePartitionDiscovery":false},"formatSettings":{"type":"DelimitedTextReadSettings"}}},{"name":"ForEach1","type":"ForEach","dependsOn":[{"activity":"fetch_all_files","dependencyConditions":["Completed"]}],"typeProperties":{"items":{"value":"@activity('fetch_all_files').output.childItems","type":"Expression"},"activities":[{"name":"Copy data1","type":"Copy","dependsOn":[],"policy":{"timeout":"0.12:00:00","retry":0,"retryIntervalInSeconds":30,"secureOutput":false,"secureInput":false},"typeProperties":{"source":{"type":"DelimitedTextSource","storeSettings":{"type":"AzureBlobFSReadSettings","recursive":false,"enablePartitionDiscovery":false},"formatSettings":{"type":"DelimitedTextReadSettings"},"datasetSettings":{"annotations":[],"type":"DelimitedText","typeProperties":{"location":{"type":"AzureBlobFSLocation","fileName":{"value":"@item().name","type":"Expression"},"folderPath":"GSDEASSESTS","fileSystem":"source"},"columnDelimiter":"|","compressionCodec":"gzip","compressionLevel":"Optimal","escapeChar":"\\","firstRowAsHeader":true,"quoteChar":"\""},"schema":[],"externalReferences":{"connection":"[parameters('https://itavengeradls.dfs.core.windows.net/ neha_202')]"}}},"sink":{"type":"ParquetSink","storeSettings":{"type":"LakehouseWriteSettings","copyBehavior":"MergeFiles"},"formatSettings":{"type":"ParquetWriteSettings","enableVertiParquet":true},"datasetSettings":{"annotations":[],"linkedService":{"name":"GSynergy_Lakehouse","properties":{"annotations":[],"type":"Lakehouse","typeProperties":{"workspaceId":"ae3f5981-6622-402b-90d5-5b0128bb19a0","artifactId":"[parameters('GSynergy_Lakehouse')]","rootFolder":"Files"}}},"type":"Parquet","typeProperties":{"location":{"type":"LakehouseLocation","fileName":{"value":"@replace(substring(item().name, 0, indexOf(item().name, '.dlm.gz')), '.', '_')","type":"Expression"},"folderPath":"Stage 1 Final"},"compressionCodec":"snappy"},"schema":[]}},"enableStaging":false,"enableSkipIncompatibleRow":true,"logSettings":{"enableCopyActivityLog":true,"copyActivityLogSettings":{"logLevel":"Info","enableReliableLogging":false},"logLocationSettings":{"path":"source/processed_bad_data_log","externalReferences":{"connection":"[parameters('https://itavengeradls.dfs.core.windows.net/ neha_202')]"}}},"translator":{"value":"@item().name","type":"Expression"}}}]}},{"name":"Delete data1","type":"Delete","dependsOn":[],"policy":{"timeout":"0.12:00:00","retry":0,"retryIntervalInSeconds":30,"secureOutput":false,"secureInput":false},"typeProperties":{"datasetSettings":{"annotations":[],"linkedService":{"name":"GSynergy_Lakehouse","properties":{"annotations":[],"type":"Lakehouse","typeProperties":{"workspaceId":"ae3f5981-6622-402b-90d5-5b0128bb19a0","artifactId":"[parameters('GSynergy_Lakehouse')]","rootFolder":"Files"}}},"type":"Binary","typeProperties":{"location":{"type":"LakehouseLocation","folderPath":"Stage 1 Final"}}},"enableLogging":false,"storeSettings":{"type":"LakehouseReadSettings","recursive":true,"enablePartitionDiscovery":false}}}],"lastModifiedByObjectId":"1ffc5e13-328b-4068-9b40-49333aced005","lastPublishTime":"2025-03-05T20:11:27Z"},"dependsOn":[]}]}